model,accuracy,balanced_accuracy,f1_macro
TF-IDF + Sentiment (LogReg),0.7953736654804271,0.61406090504836,0.6173082912709448
GridSearch (LogReg),0.7935943060498221,0.5989309629142667,0.6045127583858687
Baseline (logreg),0.7882562277580071,0.6055302395235989,0.6030941810858913
