{
  "threshold_default_0.5": {
    "f1": 0.9617627997407647,
    "roc_auc": 0.9805139999189159,
    "pr_auc": 0.9905973418512344
  },
  "threshold_optimal": {
    "threshold": 0.49644987462520507,
    "f1": 0.9631544925662573,
    "roc_auc": 0.9805139999189159,
    "pr_auc": 0.9905973418512344
  }
}