{
  "accuracy": 0.7891459074733096,
  "balanced_accuracy": 0.5898900268402179,
  "f1_macro": 0.5922606130162189
}