{
  "accuracy": 0.7855871886120996,
  "balanced_accuracy": 0.5931149378832992,
  "f1_macro": 0.5940570119676223
}