{
  "accuracy": 0.8167259786476868,
  "balanced_accuracy": 0.6322877572275849,
  "f1_macro": 0.6401415044567738
}