{
  "accuracy": 0.8033807829181495,
  "balanced_accuracy": 0.524126615499158,
  "f1_macro": 0.5662915240787582
}