{
  "accuracy": 0.8016014234875445,
  "balanced_accuracy": 0.522578117604884,
  "f1_macro": 0.5631744813899696
}