{
  "accuracy": 0.7882562277580071,
  "balanced_accuracy": 0.6055302395235989,
  "f1_macro": 0.6030941810858913
}