{
  "accuracy": 0.7864768683274022,
  "balanced_accuracy": 0.6113146536069329,
  "f1_macro": 0.6089255976066674
}