{
  "threshold_default_0.5": {
    "f1": 0.9635890767230169,
    "roc_auc": 0.9814317252868352,
    "pr_auc": 0.9903187698841456
  },
  "threshold_optimal": {
    "threshold": 0.5135017361082123,
    "f1": 0.9642160052049447,
    "roc_auc": 0.9814317252868352,
    "pr_auc": 0.9903187698841456
  }
}