{
  "f1_0.5":0.9510309278,
  "f1_opt":0.9523809524,
  "roc_auc":0.9741562639,
  "threshold_opt":0.4749737978
}