{
  "accuracy": 0.7953736654804271,
  "balanced_accuracy": 0.61406090504836,
  "f1_macro": 0.6173082912709448
}