model,accuracy,balanced_accuracy,f1_macro
logreg,0.7882562277580071,0.6055302395235989,0.6030941810858913
linearsvc,0.7891459074733096,0.5898900268402179,0.5922606130162189
rf,0.8033807829181495,0.524126615499158,0.5662915240787582
