model,accuracy,balanced_accuracy,f1_macro
logreg,0.7864768683274022,0.6113146536069329,0.6089255976066674
linearsvc,0.7855871886120996,0.5931149378832992,0.5940570119676223
rf,0.8016014234875445,0.522578117604884,0.5631744813899696
